"Benchmark file","TAM count","Init time(ms)","Init TT","Init TSV","SA time(ms)","SA TT","SA TSV","WU time(ms)","WU TT","WU TSV","TT Reduction","TSV Reduction"
"d281.soc","5","0","177","32","121","178","34","294","227","80","21.585903 %","57.500000 %"
"d281.soc","6","0","158","34","108","158","32","286","166","86","4.819277 %","62.790698 %"
"d281.soc","7","0","128","34","107","128","34","320","137","66","6.569343 %","48.484848 %"
"d281.soc","8","0","126","29","121","126","34","365","128","98","1.562500 %","65.306122 %"
"a586710.soc","5","0","8999","14","44","8606","31","46","8606","59","0.000000 %","47.457627 %"
"a586710.soc","6","0","6922","17","42","7227","37","37","9476","55","23.733643 %","32.727273 %"
"a586710.soc","7","0","6850","21","53","6850","32","48","6858","67","0.116652 %","52.238806 %"
"a586710.soc","8","0","4767","18","43","6850","36","36","4781","75","-43.275465 %","52.000000 %"
"d695.soc","5","0","1296","74","1507","1283","45","65239","1481","81","13.369345 %","44.444444 %"
